{
  "elements": [
    {
      "element": {
        "element_type": "minecraft:legacy_single_pool_element",
        "location": "tutorialmod:village/cherry/cherry_grove_house_1",
        "processors": "minecraft:empty",
        "projection": "rigid"
      },
      "weight": 2
    },
    {
      "element": {
        "element_type": "minecraft:legacy_single_pool_element",
        "location": "tutorialmod:village/cherry/cherry_grove_house_2",
        "processors": "minecraft:empty",
        "projection": "rigid"
      },
      "weight": 2
    },
    {
      "element": {
        "element_type": "minecraft:legacy_single_pool_element",
        "location": "tutorialmod:village/cherry/cherry_grove_house_3",
        "processors": "minecraft:empty",
        "projection": "rigid"
      },
      "weight": 2
    },
    {
      "element": {
        "element_type": "minecraft:legacy_single_pool_element",
        "location": "tutorialmod:village/cherry/cherry_grove_house_4",
        "processors": "minecraft:empty",
        "projection": "rigid"
      },
      "weight": 2
    }
  ],
  "fallback": "minecraft:village/plains/terminators"
}